"COUNT","ASSETS","REVENUES","EXPENSES"
48593655,1.12002614269937e+14,5.3275950575391e+13,4.9770555796526e+13
