"TOTAL_EMPLOYEES","TOTAL_BENEFITS","TOTAL_PAYROLL"
135458244,1.5410638261901e+13,1.064915445933e+12
